연번,파일명,이름,영문이름,국적,분반,수상부문,작품설명
1,IMG_3968.jpg,레 티 튀 즈엉,,베트남,1반,,
2,IMG_3971.jpg,쩐 티 황 리엔,,베트남,3반,,
3,IMG_3972.jpg,묘민칸,,미얀마,5반,,
4,IMG_3974.jpg,응웬 튀 띠엔,,베트남,5반,,
5,IMG_4042.jpg,응웬 프엉 아잉,,베트남,6반,,
6,IMG_3977.jpg,텍에이카리무,,미얀마,7반,,
7,IMG_3978.jpg,톨로코바 아제마 키아즈베코브나,,키르기즈,7반,,
8,IMG_3979.jpg,바야르바트 에르헤스,,몽골,8반,,
9,IMG_3982.jpg,아노다리,,몽골,8반,,
10,IMG_3984.jpg,오츠랄,,몽골,8반,,
11,IMG_3986.jpg,푸레브더르지 자랄,,몽골,8반,,
12,IMG_3987.jpg,자보로트나 빅토리아,,우크라이나,10반,,
13,IMG_3988.jpg,강 에르덴 두리마,,몽골,12반,,
14,IMG_3990.jpg,강어지르 에르뎅어지르,,몽골,13반,,
15,IMG_3992.jpg,레 티 휘엔 짱,,베트남,13반,,
16,IMG_3993.jpg,쩐 티 뚜옛 비,,베트남,13반,,
17,IMG_3994.jpg,응오 티 꿰 쩜,,베트남,15반,,
18,IMG_3998.jpg,부이 프엉 타오,,베트남,18반,,
19,IMG_3995.jpg,팜 탄 응웬,,베트남,19반,,
20,IMG_3999.jpg,바트 이레두,,몽골,21반,,
21,IMG_4001.jpg,로트바야르 뭉궁체첵,,몽골,22반,,
22,IMG_4002.jpg,아리온벌드 아리온에르덴,,몽골,23반,,
23,IMG_4004.jpg,엥흐벌드 허스바야르,,몽골,25반,,
24,IMG_4006.jpg,쩐 하 뚜 완,,베트남,25반,,
25,IMG_4008.jpg,레 티 트엉,,베트남,26반,,
26,IMG_4009.jpg,팜 느 이,,베트남,27반,,
27,IMG_4011.jpg,바트촐롱 바트이레두이,,몽골,28반,,
28,IMG_4013.jpg,쓰지하라 카나코,,일본,30반,,
29,IMG_4014.jpg,켄캄파 진니파,,태국,30반,,
30,IMG_4015.jpg,다와더르지 미지드마,,몽골,32반,,
31,IMG_4016.jpg,알타후 달라이바타르,,몽골,35반,,
32,IMG_4017.jpg,절버,,몽골,37반,,
33,IMG_4019.jpg,뭉흐어지르 사랑자야,,몽골,40반,,
34,IMG_4020.jpg,더르지발 어용다리,,몽골,42반,,
35,IMG_4021.jpg,마스다 쇼코,,일본,45반,,
36,IMG_4022.jpg,아즐린다 빈티 원도셀라맛,,말레이시아,45반,,
37,IMG_4023.jpg,강톨가 저이질,,몽골,46반,,
38,IMG_4025.jpg,자르갈 소가르허를러,,몽골,50반,,
39,IMG_4026.jpg,레 쫑 푹,,베트남,51반,,
40,IMG_4028.jpg,바트이데르 뭉흐게렐,,몽골,51반,,
41,IMG_4029.jpg,푸렙수렝 신체첵,,몽골,53반,,
42,IMG_4031.jpg,이즈마일로바 레일라,,투르크메니스탄,57반,,
43,IMG_4033.jpg,에크나야케 아라치게 이엠샤 비마니,,스리랑카,59반,,
44,IMG_4034.jpg,줄피카르 리카,,파키스탄,59반,,
45,IMG_4036.jpg,팜 티 칸 리,,베트남,59반,,
46,IMG_4037.jpg,수르야 기나,,인도네시아,61반,,
47,IMG_4038.jpg,바트에르데네 어르길,,몽골,64반,,
48,IMG_4039.jpg,투르턱터흐 뭉흐술드,,몽골,65반,,
49,IMG_4040.jpg,르엉 꾸옥 디엔,,베트남,66반,,
50,IMG_4041.jpg,시라 사라 무바스,,방글라데시,66반,,
